user_id;beta0;beta1;beta2
u:-k;9.876030514619272;-0.025105500456792964;-0.11999053984816951
u:6_4;12.925323173111009;-0.045707506763752785;-0.0489802526601568
u:AvA;11.7091052144032;-0.09983779926143777;-0.11795220272076334
u:CXf;12.825943727179185;-0.03326033224918263;0.09096820251675533
u:ROd;11.704235998143709;-0.0672755157193716;0.08598573795715636
u:RQ5;10.296878665681824;-0.30439051025392594;-0.0470245703040873
u:RhQ;11.125843102728519;-0.11850678062628348;-0.13757922477344306
u:WiH;12.266915015855666;-0.06752272339470697;-0.11871301751318403
u:YVz;10.345508024338145;-0.0694160055867279;-0.005261832846157332
u:Zl3;11.228699728057144;-0.01738182632097592;-0.2865910717729494
u:ZqG;11.180593164383911;-0.1490077854862609;0.2147421477577261
u:b4Ms;10.920686180759725;-0.17688150960823898;-0.2983042506580219
u:b5GM;8.63345642202791;-0.04871176123011483;-0.03756973760782099
u:bUnR;12.566101190465327;-0.11368718737449315;0.06042783369876102
u:bcH_;0.6744616669975615;0.05053398910219098;-0.6154503473100614
u:bdp;13.297568127314582;-0.1540928409544242;-0.10438599258702648
u:brPy;12.095421131162741;-0.18157274664425269;-0.011448110548990057
u:c4cX;12.593097467665373;-0.03620840511766404;-0.14292187379137422
u:cDcZ;11.371107038562652;-0.22085351508690942;-0.08704577284623856
u:cM60;13.311289387383011;-0.04368482534997152;0.025094655122661447
u:cM8j;12.425092851359945;-0.04604336879066415;0.12648356376224465
u:cQNw;8.74801945672206;-0.05296192852235304;-0.3454344204166947
u:cT1S;5.876801743069687;-0.17229107713649655;-0.3321842238418735
u:cU83;11.739195464343322;-0.04192701804710365;-0.09638545573111303
u:cUy5;13.138128561719;-0.07366952828953849;-0.08551319928215098
u:cXjM;12.370266743572802;-0.16847907661553047;0.1264212286003337
u:caBz;12.136365338091768;-0.1080357429790537;0.15017167641867468
u:cen-;10.9629024324279;-0.050747739874126695;-0.26395346813060333
u:ciQq;10.95976527435741;0.03742986485672407;0.027689530339365973
u:cii8;12.595967650981196;-0.04010820367656149;-0.00858378574264952
u:clI5;10.777997370118408;0.005283042163577891;-0.1909323972160137
u:cpBu;11.239005736383739;-0.13780015163876969;0.12087369110326526
u:cuee;12.829603416552875;-0.05738704470644526;-0.040198669234520354
u:d17D;11.223578223158027;-0.11729988063144062;-0.0024479427740969396
u:d6xM;11.325960801883886;-0.028890275735252362;-0.15651320273065503
u:dA-5;11.509011764061261;-0.06002236588028827;0.10304192426431313
u:dA-Z;12.464240810949644;-0.1557171767733735;-0.40848896568668724
u:dDHm;11.241478131162555;-0.06297769882677229;0.05741332235701599
u:dFUv;12.408021738808538;-0.028193453516244915;0.0026768023937060116
u:dJDT;12.553248707733978;-0.09795882621231573;0.05982270149660296
u:dM-7;11.156631114439854;-0.06916061452788126;-0.23216482535377622
u:dN2i;12.597923381786199;-0.06704360865258892;0.01610869734953347
u:dOhF;11.66915323001246;-0.1274418679311454;0.08766679062633242
u:dPkG;12.492246378330798;-0.11436498560250045;-0.3487780082256178
u:dTHC;12.121176802223413;-0.10154185880202689;-0.055151452733407366
u:d_OI;10.999239368122472;-0.06885475660895499;-0.060234800588953724
u:dbcs;12.450681755093967;-0.06287052201913564;0.012580185933592553
u:dfY9;12.012818510825602;-0.03661178291970042;-0.18925859049308238
u:dk2Z;9.02411760408173;-0.06392268456562038;-0.5222516646434892
u:dl5J;13.176038932494688;-0.06211353951796854;-0.06447931884794714
u:dlC1;12.626978631614461;-0.07568988181348467;0.0074167150258463025
u:doQ7;11.89580564588588;-0.00043087529168819687;-0.03519938428461957
u:dpTf;12.499513089041267;-0.16756606037357907;-0.6233349092554562
u:dqmm;11.918573206396207;-0.11834392935420568;0.1323751373641013
u:drl_;12.602468087273671;-0.16728884259438448;-0.20168823999222807
u:duAw;11.413934724414336;-0.03343954135813754;0.09875837386583533
u:duKB;11.937546393589672;-0.05924047093861626;0.12161130198315032
u:dvsN;12.462622610724939;-0.04963734586401693;-0.3034483907058485
u:dw6w;9.558443079125729;-0.09147156978509284;-0.030495933610054343
u:dy_A;12.687176282660067;-0.14724152230362716;-0.20959808083501175
u:dz5I;12.564633704031593;-0.15010293636118466;-0.29483934395377204
u:dzpv;12.539830328636683;-0.08755696334626678;0.15052957995027866
u:e480;12.640777997797786;-0.12797272264728327;0.08335956231417653
u:e4Dx;12.361307162892183;-0.20836903972492848;0.08886127811291131
u:e5ci;12.487636651551478;-0.09814490373273232;0.009360847359275908
u:e6cr;12.100764192357667;-0.09426579780941802;-0.44171122564944365
u:e7Se;12.411184700075033;-0.12941200197235084;0.013033263558889575
u:eAQD;11.795842771008266;-0.049131986158980935;0.02668710473254767
u:eB5B;11.618417845971688;-0.17540912808521755;-0.1148535280166921
u:eCv;11.678376714007205;-0.06349489077687738;-0.15159962666499896
u:eJ6l;11.930221394416245;-0.056312983293065264;0.031066855112820403
u:eJ9C;11.967200368806209;-0.03906023183205875;-0.24371417500432058
u:eMgB;13.354324939128581;-0.07564859241542264;-0.08110326778449135
u:eOil;7.245228422717701;-0.19463229640834004;0.9064183628380553
u:ePf8;7.513928231038591;-0.1759265140702058;-0.3410857682206723
u:eRXS;11.39019750696147;-0.028890393012191894;-0.03466767831691625
u:eS3F;10.869527117084148;-0.09140006014015467;-0.2567092595569055
u:eSSb;12.280617799111514;-0.12407049458491606;0.03162707746772574
u:eSc1;10.974778752145248;-0.07302027809845169;0.03138412891942942
u:eZSZ;12.502938765900767;-0.15378192695961487;-0.028448533399330556
u:eZXP;12.610610159018341;-0.2618789558785703;0.0053252029714370205
u:ebMz;11.008365671379748;-0.12473192526456513;-0.2515738285846517
u:egUl;12.84085585853872;-0.08678918079732277;0.1130752979882696
u:ekaI;13.200542553860053;-0.052994198887761364;0.040363524646145066
u:emc4;12.518555932069857;-0.0852202011447675;-0.09430742701895581
u:eqTV;12.14904442374971;-0.10387644494651563;-0.25013027361246615
u:eroC;11.281290211997215;-0.060120509708078994;-0.009987248592578598
u:ezFh;10.1478096451021;-0.0826866999576579;0.10690558930685622
u:f09U;12.6930297634727;-0.036343458335443654;-0.05944224398104309
u:f3MB;10.768628706287867;-0.2585924815357066;-0.16833271880806183
u:f5cu;11.362549144109531;-0.06267248936677713;-0.10566137486318221
u:f9K2;7.513484409154572;-0.1584113209388773;0.0436419670458557
u:f9KA;11.478702586738363;-0.08253069894264954;0.1799080485358407
u:f9WD;12.842400940275615;-0.0640327104035412;0.020377751897770097
u:fAQE;13.44300044480884;-0.08238138350654003;0.03741242901399856
u:fATL;12.531160589629877;-0.05962356249228852;0.013981243545196698
u:fB8Q;12.332227121390728;-0.056367031751098744;-0.21714849811375772
u:fCXF;10.9306075431404;-0.0301224877876921;-0.0972718628810009
u:fE1u;9.637048116157448;-0.19600063632802228;-0.032394413007550055
u:fE8t;12.047522375329757;-0.03107738677741677;-0.3262213489840998
u:fG-d;11.814894854401954;-0.12032818629645772;0.06950148779489171
u:fHbR;10.641235869013103;-0.120638434905138;0.04204028487190021
u:fHe7;13.448335655535233;-0.08674090497021421;-0.010617555584077504
u:fJnK;13.4728441176419;-0.1478619420687151;-0.15479122115567714
u:fKd7;11.228906834621704;-0.1565409755976452;-0.4239127997192103
u:fM7I;13.184495805572979;-0.10308359703248943;0.08604305260011431
u:fRcL;12.791725596388316;-0.06384051103328311;-0.023559356093042272
u:fRr2;13.062067701608129;-0.032397614976250926;0.045144242612746896
u:fT0x;12.853446299425542;-0.1002312334411921;0.06520229082815915
u:fTCP;12.810379454133999;-0.05257061743435338;-0.10800637113761227
u:fTgU;12.415447175191584;-0.02483655432956599;-0.0401001986477651
u:fUCa;12.212709260672073;-0.25446461257061587;-0.06435002874418558
u:fXV_;11.788541006622651;-0.09394302624284091;-0.19552157851264193
u:fZvT;9.39515588356752;-0.15092224130716567;-0.2012205371391284
u:f_ZH;11.72850599799659;-0.07719430192021223;-0.05716342489771462
u:faRp;10.458030205326837;-0.10038249469152048;-0.09001558327624418
u:fcY1;12.417722723256418;-0.024413531828097225;-0.07594468739006918
u:fehg;13.21855991739026;-0.04385007067058142;-0.004659790115878805
u:fiuW;11.973527167467646;-0.050781264712642014;0.08724498255774948
u:flac;6.473166306372668;-0.09628532072009409;-0.45866407743511184
u:fnFo;12.58524151842363;-0.08489042096429636;0.21235076831046842
u:fouL;10.12457120102522;-0.07475618554526395;0.16429661660695838
u:fqVJ;13.39769585675017;-0.05935192748899417;0.06704781134344501
u:fqW5;9.394155264979778;-0.14891068950663522;-0.12522459273831552
u:fqgf;12.109986405010487;-0.0690478443945302;-0.3593394442206124
u:ftEc;11.897987031713788;-0.00800906620171172;-0.027661732842254615
u:ftRi;13.008815707429331;-0.09575399163460159;0.22120877179061474
u:fuCC;12.728273811065055;-0.05552559113497194;0.040810904266844916
u:fvKX;13.324893729348316;-0.1092890550565847;-0.0416294467622732
u:fxh5;12.79105036931576;-0.14326806277481596;-0.00928567651424928
u:g-Fa;12.638729333224694;-0.08818837555083614;-0.041920137383376146
u:g0Cr;12.787424433110788;-0.07699548408048291;0.07985994152714299
u:g1Sg;12.275784321017216;-0.02998202024337108;0.00855791904421408
u:g1Y4;12.124511073552513;-0.10830735871047474;-0.13917581384988983
u:g2IB;12.590812947219655;-0.11307861188223553;0.08915362248789618
u:g2sH;12.681276987700981;-0.12198876811840077;0.035398720584851065
u:g3PU;11.800208152368068;-0.1459775006031102;-0.33658191876158217
u:g3Vy;13.064824790215082;-0.08389894986804755;0.06357152383391446
u:g4c0;11.200595096235158;-0.13810875092754943;0.012548783329883267
u:g6Ga;8.518476387212663;-0.28181451681674213;-0.6064685551150603
u:g6LF;11.17557926518966;-0.15116909031481685;-0.47772754935908396
u:g6NW;11.156331080377445;-0.08473629610060644;-0.3282268184511448
u:g6rh;13.039759137376073;-0.04584402989131787;0.08768232556350077
u:g6tk;11.47420859645391;-0.0672314537435101;0.07280785138080804
u:g82s;10.117395147447269;-0.04318699116856351;0.1407009233953361
u:g85H;11.66671640923237;-0.08872178072503907;-0.2087915459051323
u:g8EO;11.741203615183043;-0.09545474872165656;0.12423149983690406
u:g8RW;12.252044655142633;-0.19957501313838116;-0.001233226000623616
u:g8TQ;12.251255652387409;-0.08074564023212712;-0.07129176539389542
u:g93o;12.94784777178185;-0.03728786240341291;0.07261264101733222
u:g9af;11.897502754239069;-0.11741236560025287;-0.04509173792009361
u:g9qU;12.782522946398224;-0.05995868164511485;-0.06997797374931963
u:gAEp;12.857350165960959;-0.11389330885518048;0.022109120460980514
u:gATT;11.995665839598402;-0.12264076000346416;0.08844077270245532
u:gB64;12.810162850833182;-0.09896952553384622;0.019959566246139194
u:gBDX;11.71817233778974;-0.09679803817355824;0.03752963185094899
u:gBkL;12.240483946438063;-0.04813104415849768;-0.4233440390692423
u:gCIc;11.57744954051637;-0.08592663181869667;-0.03814113231739547
u:gCjY;11.64224450061019;-0.12751889919187734;0.06810681072168333
u:gDWe;11.727951249173245;-0.15840932839012598;-0.04487115730704432
u:gESv;12.355195866747644;-0.015542301578431325;-0.025163296734171302
u:gEXV;11.420324935526255;-0.01787409003467104;-0.18463445475404194
u:gFvM;12.186766974535084;-0.13849026381473836;0.008024198320560262
u:gGH7;11.037329297251159;-0.15463232630689427;0.16470073731747453
u:gI7c;10.411174599251709;-0.05635816791734578;0.05774493612496366
u:gIEl;11.449084402641288;-0.13368215266931588;0.04737995575088693
u:gIek;13.42234761973089;-0.035188548684722015;0.060527250078499115
u:gJOv;12.444010426312829;-0.04778810447484843;0.031875139512227965
u:gKA3;11.876614431874083;-0.1796906376669277;0.033156316967113436
u:gL1x;11.74405986051172;-0.09075101081086373;-0.14573407282744225
u:gMd2;10.844227777327955;-0.03752296611488692;-0.23707090662915037
u:gOaZ;11.91339260838678;-0.13331889060617955;-0.03612670285949782
u:gQLE;12.37519678761579;-0.12613363141901998;0.0841151404810423
u:gQZl;12.600094997140541;-0.09507170641467144;-0.06829798873386876
u:gQpj;11.40235658928904;-0.06610926788219024;-0.18816092965403133
u:gS_d;12.35677740351481;-0.06641343825210366;-0.004944297796505284
u:gTNj;13.03517531318077;-0.08437162335696746;0.11432749074300899
u:gTmd;13.019342620662998;-0.10411968323317572;-0.012954566609804463
u:gUlp;12.290609996220969;-0.05159357125892869;-0.16327613371473107
u:gUxP;7.331500419261847;-0.08170798346978911;-0.4367474227655843
u:gW0C;8.677029084734171;-0.12743529919323837;-0.4295118493790145
u:gWUo;10.406489055977076;-0.04328301491934824;-0.2995384022895141
u:gWfj;12.248479627853424;-0.1152855958771487;-0.06162439272115382
u:gX6Z;13.766531489729749;-0.03411665811499383;0.0645754614621841
u:gXUf;11.076196975340507;-0.11614654819130836;-0.25425836670786256
u:gZEO;10.867093393101404;-0.10147209904639919;0.17464126250090115
u:gZJc;11.431115132734824;-0.0848089465032571;0.003646354995340989
u:g_eq;13.252178242370876;-0.03035184105474968;0.10281568655949239
u:g_iM;11.718628018171211;-0.07138745281382537;-0.1381841261722889
u:g_pD;12.609983369752605;-0.004878148062767203;0.015137759024783986
u:gdB1;11.834963474068548;-0.04445958055560805;-0.03974443643867001
u:ge1v;11.088216628142103;-0.1230791475663203;-0.043175714397186274
u:ghpr;12.506608574056992;-0.0513589593119089;-0.129779315681538
u:gieM;12.354409238977151;-0.08032422125764402;-0.03186750716618103
u:gjW5;12.74192130155989;-0.11267018094395884;-0.03250830683949759
u:gjya;12.54183949453848;-0.09069460818957936;-0.26796815358599635
u:gkO6;12.070297320282204;-0.07544022882296965;0.05305238472612367
u:gkUq;11.968434927188023;-0.14034442582537757;-0.07996689587538666
u:gn0x;13.001211707122495;-0.07367918169691932;-0.05411462618511166
u:gp3v;12.10947466213838;-0.15808143818371945;0.032021597425514116
u:gpsc;13.181559817416133;-0.0989289970525364;0.06583641758495672
u:grqf;12.184593194331462;-0.03536787411844205;-0.19396785868263627
u:gsXn;12.53368026712392;-0.046587105221542066;-0.022181157311928778
u:gv7g;11.406461392802782;-0.12340503403719534;-0.12753744174931952
u:gw5o;12.747715144271519;-0.06096919159369226;0.019522290459230793
u:gwAO;12.249896678187987;-0.044633479847763884;0.17689754351208534
u:gyaZ;8.750260724465113;-0.0727554310052822;-0.13866500662277326
u:h0o6;11.566005892101282;-0.10705053591465424;-0.234758130379723
u:h0q6;10.988406249829426;-0.009269675459103935;-0.1305124552213843
u:h1NI;12.102238259031692;-0.09776243901281599;-0.009421647691693557
u:h2CV;11.76713102237863;-0.11271297694210627;-0.11068135051495044
u:h2_R;11.888606826017313;-0.09443792524379521;-0.06335879685027278
u:h2_r;11.449040623553532;-0.07438391072535791;-0.21309174518276439
u:h2dM;11.787999848441487;-0.09451221421129996;0.11170842265986701
u:h3PG;12.318191311695717;-0.08656222523559783;0.058356720937662414
u:h3cX;12.121731878377853;-0.1370005532187089;-0.4108192789332887
u:h4M_;12.35124785772811;-0.08750617399057187;0.07456071101050649
u:h4OQ;11.749182593222567;-0.1516878394517383;-0.3576458129765517
u:h4X;12.378650787419323;-0.03100631576152004;-0.09393610711379498
u:h7-9;10.847387265385379;-0.15206213215307304;-0.12617873718246794
u:h7K1;11.085927640202511;-0.12983248042059353;-0.1666761051248543
u:h82e;12.279873122448658;-0.0664089014148987;-0.05146371952253105
u:h8P0;12.042125865806671;-0.08261301072615754;-0.003808427280981141
u:h8Zh;6.267286820975861;-0.0037024863775277543;-0.3093763299569335
u:h8y5;11.485998997152835;-0.1573729466732857;0.09084463086247595
u:h902;7.642587309953644;-0.1519699971373625;-0.2585957160090886
u:h979;11.84140412795996;-0.05201742507179935;-0.0918007484751559
u:h9ya;13.03105890812576;-0.061603956632068406;0.1714144595356629
u:hB5o;6.298684362323005;0.07483531675148902;0.20584165517318878
u:hBBg;11.370261446056752;-0.1275685201193586;-0.02475936789826231
u:hC00;11.528761032145981;-0.12377135634761426;-0.09139977460061535
u:hCMs;11.989501021616105;-0.11905626685686184;-0.6368725210326608
u:hCRZ;11.135346165388196;-0.1377195647850983;-0.17810789168630492
u:hCqJ;6.043666955153286;-0.20303043108164925;-0.030522655668219083
u:hEFW;12.52502922301495;-0.08133437216238233;0.05741867003031605
u:hEgk;12.307551277888797;-0.1117412937227319;0.13916817497470663
u:hFSL;11.568232099417477;-0.07006210604426992;0.12763546548831653
u:hFW-;12.19400532458598;-0.0787684982758613;0.006412893665641997
u:hHM1;12.35763195376274;-0.06302103303594114;-0.1712486993554653
u:hHT1;13.56383818044817;-0.06830225737758801;0.09935522590592066
u:hHvg;11.91229339995582;-0.09205218978833757;0.08022365203194314
u:hHzq;11.65723565568503;-0.16069287800694138;0.3215319375712914
u:hJUY;11.503071737574505;-0.02980852668129706;0.09106933751556584
u:hJnW;10.211946444952847;-0.12616034508692678;0.1539680346532193
u:hK9y;13.478134196472162;-0.1113429604973488;-0.022093388678228187
u:hKc3;12.869148584526885;-0.12416096527636787;-0.1317035037462479
u:hKzb;11.495014743707385;-0.09711828148185016;-0.08293942095606537
u:hLfg;12.044900034593974;-0.1259311084105139;0.040288742449009506
u:hN9-;11.053344507359801;-0.012277884821589362;-0.3257619513808028
u:hNC9;12.40269454632219;-0.051029711466759595;0.09247327799452425
u:hNMI;11.122797045463734;-0.06940718021547725;0.07913076566533432
u:hNS1;12.268343452244713;-0.09561709064972854;-0.005474085230077651
u:hNbp;11.469213541582116;-0.07228511861944044;-0.0044814059982818495
u:hOx8;10.424965420989242;0.011655369587715401;-0.4059765534920362
u:hPQ8;12.410770101383838;-0.05692809233723097;-0.07052937492473016
u:hQ7X;12.49492782330272;-0.1192510789046736;0.13769301333897044
u:hQA9;6.956149508485281;-0.08478959968550945;-0.4521462691762918
u:hQcz;12.150130048234994;-0.013282013825205432;-0.16460721973396497
u:hQwl;11.593175186031916;-0.09278967196818882;-0.018422700647624437
u:hR_7;11.551477199622559;-0.09616938840278198;0.060137705333218744
u:hT_J;12.86268334937106;-0.10750862264869167;0.13372980844675897
u:hTzi;11.340326968746934;0.014678757840303062;-0.21306851821826575
u:hUVN;12.395104217938627;-0.11643077730523395;0.0576503602031306
u:hUXk;10.747741877757184;-0.11400441958548505;-0.0892493941844944
u:hWIZ;12.038271323487372;-0.08118620635924839;-0.1963507153367258
u:hX8h;12.740373348132046;-0.12495865433852801;0.046926404622172145
u:hXhu;12.301871207173347;-0.07709100877717388;0.1400594564871253
u:hY00;12.279499399652217;-0.08602802762920007;0.033496615286301545
u:hY5g;11.70865376196223;-0.0250178279742134;-0.05135731926721972
u:hYYc;12.760610876023954;-0.014328018189584119;-0.09994291187071823
u:hYns;12.154070069807576;-0.1187894972831483;0.1510681595968668
u:hZJC;12.035899758220317;0.00032400264177182556;-0.39226842219238717
u:hZKm;12.935195663791578;-0.051493694933505064;0.03222224787922218
u:hZj6;12.986612559339353;-0.0279335801245244;0.01036421804355345
u:hZrn;12.999046757010348;-0.04193283431445905;0.05107805135254569
u:h_B8;11.49617719744796;-0.001245620470700575;-0.11379575780131738
u:h_Ka;11.363401185746666;-0.09328020537842577;-0.1541458427116584
u:h_mz;12.463792788975303;-0.06458683054085103;-0.003721683172878158
u:hag2;11.198215171632988;-0.09950327356143954;-0.1322665609669066
u:hait;12.618538041956848;-0.05223677830814704;0.10523377399393616
u:haoy;12.40905336252884;-0.03096709381719148;-0.2234052478306954
u:hbKY;10.937059623776845;-0.07776777355511164;-0.04958132915433153
u:hcHp;12.156225523660716;-0.05609601826662962;0.0666604077012794
u:hcJc;8.150417427261313;0.008828569987193762;-0.14455132480969898
u:hdrp;7.383916894036529;-0.03491799175588034;0.22177141291090835
u:heyV;12.68663738392058;-0.1143059170768022;-0.07858220644764272
u:hfIE;11.874817894114134;-0.06716297403871757;-0.019997621931749247
u:hfrH;13.364413683424333;-0.08002789028096835;0.03892502982921977
u:hgtY;12.526343890646489;-0.041753285830308635;-0.008840689798680077
u:hhZG;12.899898993595658;-0.12238182279510969;0.019811775442515934
u:hi7p;12.733220919586179;-0.06575447967149885;0.15007382591452134
u:hjye;12.800914932344515;-0.12289489249049369;0.10542692590376129
u:hk-H;11.69444248004184;-0.13993091434017735;0.042779628528547296
u:hk2H;10.757718935618847;-0.04550752301774987;-0.32984042739685493
u:hkAw;11.45613234869036;-0.07591296117956746;-0.3295808737101945
u:hlvH;12.740745992022264;-0.07098444772178618;0.18778457910135601
u:hmC-;12.755725987760568;-0.09302094711051001;0.18913390922340995
u:hnMg;12.24676549207576;-0.06247673058788103;0.054282365302320106
u:hqj0;13.031704345700259;-0.056348250554411325;-0.052739153341814886
u:hrjY;12.119370895150684;-0.12229896534675304;0.19399409927734415
u:hrls;11.824299029270803;-0.09043228473817655;0.010313171897870215
u:htUg;11.819117937888493;-0.03016592654611343;-0.16818911915932713
u:hvkC;10.717117537535888;-0.05047379184652529;0.3037936669957651
u:hwSR;12.025015854985599;-0.11304512690500665;0.06926989764835634
u:hyD8;12.761777878119236;-0.09717870328808398;0.09195202510936981
u:hz1E;12.8841618840206;-0.0492160326526465;0.0022304673045578853
u:hz9C;13.324700055450183;-0.13906993425546121;-0.24421777694872795
u:hzMu;10.368415104317261;-0.14759087601733786;0.15495363617806435
u:hzUz;12.944903197947738;-0.19980630289648396;-0.002198089056137083
u:iB7z;7.76781724058954;-0.0073762850881418;-0.15112520660025147
u:iBiF;10.699320066188948;-0.17051053094136054;0.04691028845325636
u:iBmS;12.577557592346373;-0.02916739032018244;-0.1443119559896684
u:iBtE;11.294065636378495;-0.10878123124596024;0.2198453855682784
u:iCTE;8.487332694201141;-0.10286493343660119;-0.32719246393233686
u:iCa8;12.540473277590054;-0.10825685748809087;-0.017390685673735976
u:iCjD;12.396459497127335;-0.07626500068267507;0.04340945358254922
u:iCtb;10.635750695096307;-0.007260863695274867;-0.2737296977500422
u:iD7N;11.359753544382373;-0.11321301330700927;-0.25712412332220036
u:iDFU;9.379919639826744;-0.09718438408190676;-0.18877824315074523
u:iDYh;11.705518189671801;-0.07774679513614027;-0.09954532919917906
u:iDfj;11.04129044267533;-0.020419333321203735;-0.14282564220439228
u:iGPZ;7.247138981715356;0.04477877037531866;-0.8207657262445861
u:iGdQ;8.561487005881524;-0.1324379040793957;0.012177612261588783
u:iHHT;10.15573801952023;-0.05151075934951968;-0.2099681815399646
u:iHK5;12.025834157728475;-0.07454293091410598;-0.11729740893021466
u:iHOs;12.99054462910946;-0.10849092056806427;0.010964532429419246
u:iHSP;12.304198005373266;-0.0346303122555417;-0.17450538802699375
u:iHWx;11.396304321919638;-0.09074561334817591;-0.10301816466643478
u:iHgC;12.415413132565334;-0.18905585182805243;-0.17375182067872533
u:iIb5;10.58625627927618;-0.028109201203898683;-0.02147246632344921
u:iIyh;5.606950990190287;-0.19069222004069164;-0.7036334011267881
u:iJN6;12.788214555765604;-0.06369793573032165;0.01339672724528856
u:iJkI;10.956878827314286;-0.12399327195972226;-0.0842870851762792
u:iJwB;11.814188020665233;-0.08168532956965131;-0.12661052889001553
u:iK2H;12.626030239074323;-0.10489990678067547;-0.13570338205415416
u:iK4U;9.705678936122526;-0.1526277096807811;-0.01024433564744687
u:iLby;11.973590051332856;-0.08810354922233915;0.1880653367541973
u:iLn0;11.4947810620167;-0.05079666856084316;0.17082405313489488
u:iMSw;11.00914440296862;-0.05314089143784973;-0.20738485961519545
u:iMlW;10.517531224103474;-0.14331716107602943;-0.07580775434353837
u:iNti;11.651817182710538;-0.060749991451987624;-0.07023137967982622
u:iOaP;10.955642792228675;-0.1362499746769966;-0.07921410961991501
u:ib2D;13.212589186013888;-0.1053805071538872;-0.11951013787312055
u:ibGE;6.336523960107117;-0.06737590817825014;-0.30779287564867863
u:ibU0;13.852783575425299;-0.037737445531509824;0.04187385303914426
u:ibnS;9.188707776902051;-0.03888981424748869;-0.13385782017027226
u:ic-5;11.2708638202762;-0.19661879765373474;0.16138602989730885
u:icyY;10.641557109247062;-0.11850422747077688;-0.21537928745292745
u:idoP;11.853018871141623;-0.0903831506717304;0.07937287972101895
u:ie9h;12.058308223878807;-0.15158161378856944;-0.2761772579701277
u:if6l;11.307127159025315;-0.09406948303880892;0.05466295873222041
u:ifdH;13.494879616782825;-0.04518924187949648;0.11989911757807627
u:ifid;12.769988985626417;-0.009933135872650784;0.02405912311534479
u:ifj-;12.580062556382607;-0.04910769750076427;0.12838545727549308
u:igDX;12.769642107949982;-0.06440335547713687;-0.018109571941081058
u:ih8G;10.833460312265547;-0.07443055618346509;-0.08119874801312757
u:ih8J;11.007435870515756;-0.031564516471096114;-0.17512832519576146
u:ih8R;12.002719687733618;-0.03135375200808483;0.10762135690742046
u:ih_2;12.540304435160802;-0.17033361262095953;0.10627348878455588
u:ihfb;12.461853214394807;-0.07894216197891422;0.15118926967555826
u:ihtW;11.351542648171048;-0.1232315932191435;-0.0872213358520698
u:iiJ-;11.87420952722834;-0.07156203866687386;-0.12300281933784492
u:iiM;12.150853187390691;-0.044694614262356935;0.08209983229039722
u:iiZ8;13.837285296025762;-0.0343955628235621;0.059423749953439665
u:iibU;12.626049571451087;-0.02694383115419339;0.10529936962580261
u:iicF;12.99997086296171;-0.06690666086495582;-0.05506663528933174
u:iifj;11.648915647954047;-0.07446992297701456;0.06735342841239982
u:iiqP;12.160061039836691;-0.11348287004403677;0.11884433474848571
u:ijAJ;12.16167820822569;-0.09840714338228695;0.09429864915380123
u:ijBO;12.061402318159418;-0.01567828597812447;-0.007822994249865507
u:ijiR;12.400338494416076;-0.09555156667305173;-0.01842509951041633
u:ikE6;9.918738994255222;-0.062129325123687455;-0.018455357172160177
u:ikNB;12.537249677655307;-0.046491913597566416;-0.08561045454000303
u:ikP3;12.326686929007332;-0.04079144184140292;-0.10462188502320342
u:iklQ;10.993827114872492;-0.08958802526729302;-0.011286811067075733
u:ilJW;13.310953365680634;-0.070867223202835;0.1022800519191373
u:ilLZ;11.83691477743574;-0.046777303250681745;0.21839512603598346
u:ilNF;10.871178677323588;-0.0931413120022835;-0.2168121144289675
u:ilnh;12.266836817136314;-0.06844846251250122;0.017315828769355838
u:ilrb;11.660456371801525;-0.0554887224311959;-0.4667038946546115
u:im5y;10.678975193779152;-0.21782177066851915;0.0017028805319535638
u:im77;11.893856447597354;-0.012933840650858078;0.09628984990246962
u:inUt;11.692010100554764;-0.05574201765698828;-0.07115347813303506
u:ip1R;13.366311752572479;-0.18834182745176853;-0.04632967769808183
u:ipdo;11.75626795035123;-0.12536897166884298;-0.26669301169196696
u:iqHS;9.336317635742763;-0.20775279347738626;0.17887660898632768
u:iqYZ;12.760411727601591;-0.0936908266503307;0.12889159195817168
u:iqYu;11.648778714190732;-0.09217617434862257;-0.04408550785342963
u:irVT;11.061104350153167;-0.09625172175771256;0.2673222911956815
u:isV5;9.79777582245266;-0.08177081396483256;-0.1965892842308832
u:itTT;10.544947570684675;-0.10453286978128308;0.10119361298312973
u:itxg;9.706579276559648;-0.08958749177768373;0.1665940531586029
u:iuQ9;12.856076887695382;-0.1372787043920926;0.10866533458657393
u:iuTx;11.758438742275612;-0.08817290584924846;0.03370709527577461
u:iwcC;11.085053783717594;-0.16131418921291846;-0.21002120977237645
u:iwic;6.905024594089793;-0.19549552666137449;-0.32687065550118566
u:ixOE;8.010115624871986;-0.06421448657821191;-0.14387216855267795
u:ixca;5.684525776158912;-0.17929112394270594;-0.35742582420128155
u:ixkU;10.888740632282861;-0.1190079919375005;-0.006192603675172728
u:iyGd;7.8463968694194834;-0.25674757690244193;-0.030441959880542515
u:iycY;8.506666511947236;-0.18402633305272684;-0.15080374913857322
u:kGb;13.076864342673328;-0.09004599004747071;0.1254595030050844
u:khU;12.182216457860903;-0.11738852140187188;0.13441241211651772
u:lQv;12.357777852696353;-0.05575560568555286;0.040392798692386954
u:nTi;13.4123094859481;-0.0372097853189039;0.08505759499105178
u:tJs;11.638604646953963;-0.1054964579976803;-0.4267009574889525
u:tx3;11.74973363021144;-0.09148546543434356;0.004184936866752323
u:vYt;9.81489865299423;-0.2391241039704606;0.422389707950967
u:wpZ;12.039243115311542;-0.13002199194123001;0.1843489389983947
